"number","workflow_state","sys_created_on","published","u_review_date","short_description","kb_knowledge_base","author","sys_view_count","use_count","helpful_count","flagged","rating","kb_category","u_workflow_topic","sys_created_by","sys_mod_count","sys_updated_on","sys_updated_by","retired","sys_tags","meta","direct"
"KB000148982","published","2023-04-12 10:27:01","2025-05-07","2026-05-07 09:59:46","TSOPZR1 - Suppression d'un compte utilisateur","f4b3084a1b5db010b9bfa9fe6e4bcbae","18552969db743280baa9f5f51d9619fb","3","0","0","0","","b9b5c40e1b5db010b9bfa9fe6e4bcb54","4a68c0441bed74501087eb186e4bcb88","ATOSA661481","40","2025-05-07 09:59:46","ATOSA570299","","","TSOPZR1, 3270, Suppression, Supprimer, Compte, Utilisateur","0"
"KB000148729","published","2023-04-04 14:30:02","2025-05-07","2026-05-07 09:57:09","Graphtalk - Création d'un compte ","f4b3084a1b5db010b9bfa9fe6e4bcbae","18552969db743280baa9f5f51d9619fb","3","0","0","0","","dff904081bed74501087eb186e4bcb22","4a68c0441bed74501087eb186e4bcb88","ATOSA661481","44","2025-05-07 09:57:09","ATOSA570299","","","Graphtalk, Compte, Utilisateur, Création, Créer, Duplication, Dupliquer","0"
"KB000149107","published","2023-04-18 13:59:48","2025-05-07","2026-05-07 10:03:20","Hors CICS - Modification des accès sous FILS, MARK, ACRI, AENT, HONO","f4b3084a1b5db010b9bfa9fe6e4bcbae","18552969db743280baa9f5f51d9619fb","4","0","0","0","","9636ab581b2a2958f1d0873ce54bcb52","4a68c0441bed74501087eb186e4bcb88","ATOSA661481","37","2025-05-07 10:03:20","ATOSA570299","","","Hors_CICS, FILS, MARK, ACRI, AENT, HONO, Accès, Modification, Modifier","0"
"KB000148994","published","2023-04-12 14:03:04","2025-05-07","2026-05-07 10:00:45","TSOPZY1 - Suppression d'un compte utilisateur","f4b3084a1b5db010b9bfa9fe6e4bcbae","18552969db743280baa9f5f51d9619fb","3","0","0","0","","b9b5c40e1b5db010b9bfa9fe6e4bcb54","4a68c0441bed74501087eb186e4bcb88","ATOSA661481","32","2025-05-07 10:00:45","ATOSA570299","","","TSOPZY1, 3270, Suppression, Supprimer, Compte, Utilisateur","0"
"KB000149078","published","2023-04-17 13:17:13","2025-05-07","2026-05-07 10:02:30","Hors CICS - Création de l'habilitation aux applications FILS, MARK, ACRI, AENT, HONO","f4b3084a1b5db010b9bfa9fe6e4bcbae","18552969db743280baa9f5f51d9619fb","6","0","0","0","","9636ab581b2a2958f1d0873ce54bcb52","4a68c0441bed74501087eb186e4bcb88","ATOSA661481","50","2025-05-07 10:02:30","ATOSA570299","","","Hors_CICS, FILS, MARK, ACRI, AENT, HONO, Accès, Habilitation, Création, Créer","0"
"KB000149016","published","2023-04-13 13:17:11","2025-05-07","2026-05-07 09:59:10","TSOPZR1 - Création d'un compte utilisateur","f4b3084a1b5db010b9bfa9fe6e4bcbae","18552969db743280baa9f5f51d9619fb","3","0","0","0","","b9b5c40e1b5db010b9bfa9fe6e4bcb54","4a68c0441bed74501087eb186e4bcb88","ATOSA661481","33","2025-05-07 09:59:10","ATOSA570299","","","TSOPZR1, 3270, Utilisateur, Compte, Création, Créer","0"
"KB000129890","published","2021-08-02 10:56:25","2025-05-07","2026-05-07 09:56:26","HARVEST - Accès","f4b3084a1b5db010b9bfa9fe6e4bcbae","6861b68a0f9496009850ecd692050ee7","3","0","0","0","","b01a84081bed74501087eb186e4bcb89","6058c0441bed74501087eb186e4bcb20","ATOSA771963","16","2025-05-07 09:56:26","ATOSA570299","","","HARVEST, Accès","0"
"KB000148768","published","2023-04-05 10:39:49","2025-05-07","2026-05-07 09:58:01","Graphtalk - Modification d'un compte utilisateur","f4b3084a1b5db010b9bfa9fe6e4bcbae","18552969db743280baa9f5f51d9619fb","3","0","0","0","","dff904081bed74501087eb186e4bcb22","4a68c0441bed74501087eb186e4bcb88","ATOSA661481","24","2025-05-07 09:58:01","ATOSA570299","","","Graphtalk, Compte, Utilisateur, Modification, Modifier","0"
"KB000129854","published","2021-08-02 10:56:01","2025-05-07","2026-05-07 09:53:25","Gestuser","f4b3084a1b5db010b9bfa9fe6e4bcbae","6861b68a0f9496009850ecd692050ee7","3","0","0","0","","6110f77b1bd974501087eb186e4bcb94","6058c0441bed74501087eb186e4bcb20","ATOSA771963","14","2025-05-07 09:54:28","ATOSA570299","","","Gestuser, Utilisation, Oracle, Réinitialisation, Réinitialser, Reset Mots_de_passe, MDP","0"
"KB000148771","published","2023-04-05 10:41:57","2025-05-07","2026-05-07 09:58:36","Graphtalk - Désaffectation d'un compte utilisateur","f4b3084a1b5db010b9bfa9fe6e4bcbae","18552969db743280baa9f5f51d9619fb","3","0","0","0","","dff904081bed74501087eb186e4bcb22","4a68c0441bed74501087eb186e4bcb88","ATOSA661481","27","2025-05-07 09:58:36","ATOSA570299","","","Graphtalk, Compte, Utilisateur, Désaffectation, Désaffecter","0"
"KB000148837","published","2023-04-07 12:43:33","2025-05-07","2026-05-07 10:04:06","TSOPZY1 - Création d'un compte utilisateur","f4b3084a1b5db010b9bfa9fe6e4bcbae","18552969db743280baa9f5f51d9619fb","3","0","0","0","","dada2b1c1baa2958f1d0873ce54bcb72","4a68c0441bed74501087eb186e4bcb88","ATOSA661481","42","2025-05-07 10:04:06","ATOSA570299","","","TSOPZY1, 3270, Utilisateur, Compte, Création, Créer","0"
"KB000149196","published","2023-04-20 11:47:16","2025-05-07","2026-05-07 10:01:39","Hors CICS - Suppression du compte utilisateur sous FILS, MARK, ACRI, AENT, HONO","f4b3084a1b5db010b9bfa9fe6e4bcbae","18552969db743280baa9f5f51d9619fb","4","0","0","0","","9636ab581b2a2958f1d0873ce54bcb52","4a68c0441bed74501087eb186e4bcb88","ATOSA661481","32","2025-05-07 10:01:39","ATOSA570299","","","Hors_CICS, FILS, MARK, ACRI, AENT, HONO, Suppression, Supprimer","0"
"KB000150345","published","2023-05-31 13:58:34","2025-05-07","2026-05-07 10:04:44","Graphtalk - Qui fait quoi","f4b3084a1b5db010b9bfa9fe6e4bcbae","6861b68a0f9496009850ecd692050ee7","3","0","0","0","","dff904081bed74501087eb186e4bcb22","6058c0441bed74501087eb186e4bcb20","ATOSA570299","38","2025-05-07 10:05:35","ATOSA570299","","","Graphtalk, Qui_fait_quoi","0"
"KB000129883","published","2021-08-02 10:56:20","2025-05-07","2026-05-07 09:55:43","Création de BAL et compte Domino redirigé BPOS + MGD (EA)","f4b3084a1b5db010b9bfa9fe6e4bcbae","6861b68a0f9496009850ecd692050ee7","3","0","0","0","","74d90cc41bed74501087eb186e4bcb3e","6058c0441bed74501087eb186e4bcb20","ATOSA771963","31","2025-05-07 09:55:43","ATOSA570299","","","Lotus Notes, BAL, Compte Domino, BPOS, MGD, EA, Création, Paramétrage","0"
"KB000143574","published","2022-10-31 13:53:35","2025-04-28","2026-04-28 13:45:38","GED CIE - Qui fait quoi","f4b3084a1b5db010b9bfa9fe6e4bcbae","6861b68a0f9496009850ecd692050ee7","2","0","0","0","","2d8eba40877c5150c9b8a6440cbb3505","6058c0441bed74501087eb186e4bcb20","ATOSA570299","15","2025-04-28 13:45:38","ATOSA570299","","","GED, CIE, GED_CIE, Qui_fait_quoi","0"
"KB000148003","published","2023-03-15 14:05:11","2025-04-24","2026-04-24 11:43:23","Rentes - Création/Modification/Désactivation utilisateur via applicatifs Rentes","f4b3084a1b5db010b9bfa9fe6e4bcbae","18552969db743280baa9f5f51d9619fb","24","0","0","0","","8584da571bea91903d2a873ce54bcbd3","4a68c0441bed74501087eb186e4bcb88","ATOSA661481","138","2025-04-25 10:32:35","ATOSA570299","","","Rentes, Utilisateur, Création, Modification, Désactivation, Applicatifs","0"
"KB000147980","published","2023-03-14 16:09:57","2025-04-24","2026-04-24 09:04:51","Rentes - Affectation des groupes AD","f4b3084a1b5db010b9bfa9fe6e4bcbae","18552969db743280baa9f5f51d9619fb","14","0","0","0","","8584da571bea91903d2a873ce54bcbd3","4a68c0441bed74501087eb186e4bcb88","ATOSA661481","96","2025-04-25 10:31:55","ATOSA570299","","","Rentes, Accès, Qui _fait_quoi, Workflow, Groupes_AD, Affectation","0"
"KB000147962","published","2023-03-14 12:20:16","2025-04-24","2026-04-24 10:46:43","Rentes - Création/Suppression utilisateur via GestUser","f4b3084a1b5db010b9bfa9fe6e4bcbae","18552969db743280baa9f5f51d9619fb","19","0","0","0","","8584da571bea91903d2a873ce54bcbd3","4a68c0441bed74501087eb186e4bcb88","ATOSA661481","90","2025-04-25 10:37:44","ATOSA570299","","","Rente, Accès, Utilisateur, Création, Créer, Suppression, Supprimer","0"
"KB000129860","published","2021-08-02 10:56:05","2025-04-23","2026-04-23 10:12:18","Réactivation des comptes Windows périmés (prolongation temporaire)","f4b3084a1b5db010b9bfa9fe6e4bcbae","6861b68a0f9496009850ecd692050ee7","3","0","0","0","","d16d8c401b21b4501087eb186e4bcb62","6058c0441bed74501087eb186e4bcb20","ATOSA771963","16","2025-04-23 10:12:18","ATOSA570299","","","Comptes, Windows, Périmés, Réactivation, Réactiver, Prolongation_temporaire, Prolonger","0"
"KB000129898","published","2021-08-02 10:56:30","2025-04-23","2026-04-23 10:13:57","Compte COAF","f4b3084a1b5db010b9bfa9fe6e4bcbae","6861b68a0f9496009850ecd692050ee7","3","0","0","0","","f63948841bed74501087eb186e4bcb99","6058c0441bed74501087eb186e4bcb20","ATOSA771963","14","2025-04-23 10:13:57","ATOSA570299","","","COAF, Compte, Création, Créer","0"
"KB000146987","published","2023-02-20 14:49:10","2025-04-23","2026-04-23 10:21:22","Centaure - Modification des adresses mail","f4b3084a1b5db010b9bfa9fe6e4bcbae","6861b68a0f9496009850ecd692050ee7","4","0","0","0","","fcd9b5221bcd5990df83eacce54bcb41","4a68c0441bed74501087eb186e4bcb88","ATOSA570299","33","2025-04-23 10:21:22","ATOSA570299","","","Centaure, Adresse, Mail, Email, Modification, Modifier","0"
"KB000140673","published","2022-07-26 15:57:38","2025-04-23","2026-04-23 10:16:51","Azure Information Protection - Accès","f4b3084a1b5db010b9bfa9fe6e4bcbae","6861b68a0f9496009850ecd692050ee7","5","0","0","0","","06cb0cc81bed74501087eb186e4bcb23","4a68c0441bed74501087eb186e4bcb88","ATOSA570299","80","2025-04-23 10:16:51","ATOSA570299","","","Azure_Information_Protection, Azure, Information, Protection, AIP,  Accès","0"
"KB000161564","published","2025-03-04 16:00:36","2025-04-18","2026-04-18 16:34:12","Suppression / Renommage d'une BAL de service","f4b3084a1b5db010b9bfa9fe6e4bcbae","6861b68a0f9496009850ecd692050ee7","3","0","0","0","","086654b01baed15424d20fade54bcb62","4a68c0441bed74501087eb186e4bcb88","ATOSA570299","9","2025-04-18 16:34:12","ATOSA570299","","","BAL_de_servce, AD, Boite, Exchange, SMB, BAL, Suppression, Renommage","0"
"KB000156108","published","2024-04-11 18:11:49","2025-04-18","2026-04-18 13:14:06","Mauvais rattachement hiérarchique d'un collaborateur","f4b3084a1b5db010b9bfa9fe6e4bcbae","6861b68a0f9496009850ecd692050ee7","4","0","0","0","","ee0e568887f41150c9b8a6440cbb3512","6058c0441bed74501087eb186e4bcb20","ATOSA570299","6","2025-04-18 13:14:06","ATOSA570299","","","Rattachement, Hiérarchique, Manager, Responsable","0"
"KB000156088","published","2024-04-10 11:27:26","2025-04-18","2026-04-18 13:12:40","Téléphonie via Teams","f4b3084a1b5db010b9bfa9fe6e4bcbae","6861b68a0f9496009850ecd692050ee7","4","0","0","0","","a39834ecc321869096e0d4dc7a01311f","4a68c0441bed74501087eb186e4bcb88","ATOSA570299","100","2025-04-18 13:12:40","ATOSA570299","","","Teams, Téléphonie","0"
"KB000153734","published","2023-11-06 10:04:40","2025-04-18","2026-04-18 13:01:35","Création d'une passphrase pour MVS","f4b3084a1b5db010b9bfa9fe6e4bcbae","18552969db743280baa9f5f51d9619fb","4","0","0","0","","f8eee007c3bd9250f0931c53e40131b5","4a68c0441bed74501087eb186e4bcb88","ATOSA661481","23","2025-04-18 13:01:35","ATOSA570299","","","Passphrase, MVS, Création, Créer","0"
"KB000153597","published","2023-10-27 08:46:58","2025-04-18","2026-04-18 13:08:52","Renommage et normalisation de compte Windows - Correction de l'attribut UPN","f4b3084a1b5db010b9bfa9fe6e4bcbae","18552969db743280baa9f5f51d9619fb","3","0","0","0","","f63948841bed74501087eb186e4bcb99","4a68c0441bed74501087eb186e4bcb88","ATOSA661481","31","2025-04-18 13:08:52","ATOSA570299","","","UPN, Attribut, Correction, Compte, Windows, Renommage, Normalisation","0"
"KB000151752","published","2023-07-24 11:31:44","2025-04-18","2026-04-18 09:28:49","Chronogestor - Qui fait quoi ","f4b3084a1b5db010b9bfa9fe6e4bcbae","18552969db743280baa9f5f51d9619fb","3","0","0","0","","b9b5c40e1b5db010b9bfa9fe6e4bcb54","6058c0441bed74501087eb186e4bcb20","ATOSA661481","11","2025-04-18 09:29:18","ATOSA570299","","","Chronogestor, Qui_fait_quoi","0"
"KB000151844","published","2023-07-28 08:40:39","2025-04-18","2026-04-18 09:24:08","BAL de service sensibles - Suppression interdite","f4b3084a1b5db010b9bfa9fe6e4bcbae","6861b68a0f9496009850ecd692050ee7","6","0","0","0","","474c804c1bed74501087eb186e4bcbbe","6058c0441bed74501087eb186e4bcb20","ATOSA570299","29","2025-04-18 09:26:10","ATOSA570299","","","BAL_de_service, sensibles, BAL, Sensible, Suppression, Interdite","0"
"KB000153280","published","2023-10-12 15:30:52","2025-04-18","2026-04-18 09:30:12","Migration OutilsREA vers ADLDS","f4b3084a1b5db010b9bfa9fe6e4bcbae","18552969db743280baa9f5f51d9619fb","7","0","0","0","","4208ed5a877db190e7cea6440cbb3502","4a68c0441bed74501087eb186e4bcb88","ATOSA570299","12","2025-04-18 09:30:12","ATOSA570299","","","OutilsREA, Migration, ADLDS","0"
"KB000156033","published","2024-04-03 17:43:01","2025-04-18","2026-04-18 13:11:43","Formulaires - Mise en à revoir","f4b3084a1b5db010b9bfa9fe6e4bcbae","6861b68a0f9496009850ecd692050ee7","3","0","0","0","","cfbac616c315ca141f32b110a001319a","6058c0441bed74501087eb186e4bcb20","ATOSA570299","39","2025-04-18 13:11:43","ATOSA570299","","","Formulaires, Statut, Mise_en_à_revoir, A_revoir","0"
"KB000143010","published","2022-10-05 10:55:29","2025-04-17","2026-04-17 08:43:24","Création de la messagerie Lotus Notes","f4b3084a1b5db010b9bfa9fe6e4bcbae","18552969db743280baa9f5f51d9619fb","3","0","0","0","","74d90cc41bed74501087eb186e4bcb3e","4a68c0441bed74501087eb186e4bcb88","ATOSA661481","45","2025-04-17 08:43:24","ATOSA570299","","","Lotus, Notes, Messagerie, Création, Créer","0"
"KB000151620","published","2023-07-18 11:07:35","2025-04-17","2026-04-17 15:29:07","Groupes AD affectés par défaut","f4b3084a1b5db010b9bfa9fe6e4bcbae","18552969db743280baa9f5f51d9619fb","4","0","0","0","","fc0f7f621b7b1ddcd6200dcfe54bcbe3","eb98c4441bed74501087eb186e4bcb90","ATOSA661481","27","2025-04-17 15:29:26","ATOSA570299","","","Windows, Groupes, AD, Par_défaut, Compte, Création","0"
"KB000150467","published","2023-06-07 15:34:17","2025-04-17","2026-04-17 15:16:34","COAF - Création et modification d'un compte utilisateur","f4b3084a1b5db010b9bfa9fe6e4bcbae","18552969db743280baa9f5f51d9619fb","3","0","0","0","","2599c4c41bed74501087eb186e4bcbc8","4a68c0441bed74501087eb186e4bcb88","ATOSA661481","102","2025-04-17 15:17:39","ATOSA570299","","","COAF, Compte, Utilisateur, Création, Créer, Modification, Modifier","0"
"KB000148255","published","2023-03-23 12:59:14","2025-04-17","2026-04-17 08:46:46","Ordo - Modification d'un ordonnateur","f4b3084a1b5db010b9bfa9fe6e4bcbae","18552969db743280baa9f5f51d9619fb","3","0","0","0","","57e3f1aa1bb5255053c90fade54bcb5b","4a68c0441bed74501087eb186e4bcb88","ATOSA661481","33","2025-04-17 08:47:39","ATOSA570299","","","Ordo, Ordonnateur, Modification, Interrogation","0"
"KB000149829","published","2023-05-11 09:19:12","2025-04-17","2026-04-17 10:55:56","AS400 Carreau - Suppression du compte utilisateur","f4b3084a1b5db010b9bfa9fe6e4bcbae","18552969db743280baa9f5f51d9619fb","3","0","0","0","","2599c4c41bed74501087eb186e4bcbc8","4a68c0441bed74501087eb186e4bcb88","ATOSA661481","22","2025-04-17 10:55:56","ATOSA570299","","","AS400, Carreau, Compte, Utilisateur, Suppression, Supprimer","0"
"KB000148252","published","2023-03-23 11:35:05","2025-04-17","2026-04-17 08:45:35","Ordo - Création d'un ordonnateur","f4b3084a1b5db010b9bfa9fe6e4bcbae","18552969db743280baa9f5f51d9619fb","4","0","0","0","","57e3f1aa1bb5255053c90fade54bcb5b","4a68c0441bed74501087eb186e4bcb88","ATOSA661481","43","2025-04-17 08:45:35","ATOSA570299","","","Ordo, Ordonnateur, Création, Interrogation","0"
"KB000150531","published","2023-06-12 09:09:45","2025-04-17","2026-04-17 15:25:03","Windows - Création et opération sur répertoire ","f4b3084a1b5db010b9bfa9fe6e4bcbae","18552969db743280baa9f5f51d9619fb","4","0","0","0","","349c048c1bed74501087eb186e4bcb4a","4a68c0441bed74501087eb186e4bcb88","ATOSA661481","32","2025-04-17 15:25:03","ATOSA570299","","","Windows, Répertoire, Création, Créer, Opération, Groupe, Sécurité","0"
"KB000150466","published","2023-06-07 15:32:12","2025-04-17","2026-04-17 15:14:48","CICS - Désactivation accès en production","f4b3084a1b5db010b9bfa9fe6e4bcbae","18552969db743280baa9f5f51d9619fb","3","0","0","0","","7bdbb9ae1bb9255053c90fade54bcbac","4a68c0441bed74501087eb186e4bcb88","ATOSA661481","30","2025-04-17 15:15:29","ATOSA570299","","","CICS, Accès, Production, Désactivation, Désactiver","0"
"KB000148914","published","2023-04-11 12:44:21","2025-04-17","2026-04-17 10:54:58","AS400 Carreau - Création du compte utilisateur","f4b3084a1b5db010b9bfa9fe6e4bcbae","18552969db743280baa9f5f51d9619fb","2","0","0","0","","2599c4c41bed74501087eb186e4bcbc8","4a68c0441bed74501087eb186e4bcb88","ATOSA661481","23","2025-04-17 10:54:58","ATOSA570299","","","AS400, Carreau, Compte, Utilisateur, Création, Créer","0"
"KB000150541","published","2023-06-12 14:42:58","2025-04-17","2026-04-17 15:26:54","Windows - Demande d'accès et opération sur répertoire ","f4b3084a1b5db010b9bfa9fe6e4bcbae","18552969db743280baa9f5f51d9619fb","3","0","0","0","","349c048c1bed74501087eb186e4bcb4a","4a68c0441bed74501087eb186e4bcb88","ATOSA661481","25","2025-04-17 15:27:29","ATOSA570299","","","Windows, Répertoire, Accès, Opération, Groupe","0"
"KB000149924","published","2023-05-17 09:31:16","2025-04-17","2026-04-17 11:17:26","ACR CSR - Modification du compte utilisateur","f4b3084a1b5db010b9bfa9fe6e4bcbae","18552969db743280baa9f5f51d9619fb","3","0","0","0","","4001cd188703e194579d64a73cbb3558","4a68c0441bed74501087eb186e4bcb88","ATOSA661481","33","2025-04-17 11:17:26","ATOSA570299","","","ACR, CSR, Modification, Modifier, Compte, Utilisateur","0"
"KB000148089","published","2023-03-17 13:50:31","2025-04-17","2026-04-17 08:58:27","Orfea - Modification des droits","f4b3084a1b5db010b9bfa9fe6e4bcbae","18552969db743280baa9f5f51d9619fb","4","0","0","0","","13bc048c1b7969945aa2eacce54bcb1c","4a68c0441bed74501087eb186e4bcb88","ATOSA661481","71","2025-04-17 08:58:58","ATOSA570299","","","Orfea, Accès, Droits, Modification, Affectation, Désaffectation","0"
"KB000149681","published","2023-05-03 15:40:11","2025-04-17","2026-04-17 11:03:38","AS400 Pique - Suppression du compte utilisateur","f4b3084a1b5db010b9bfa9fe6e4bcbae","18552969db743280baa9f5f51d9619fb","3","0","0","0","","2599c4c41bed74501087eb186e4bcbc8","4a68c0441bed74501087eb186e4bcb88","ATOSA661481","19","2025-04-17 11:03:38","ATOSA570299","","","AS40, Pique, Compte, Utilisateur, Suppression, Supprimer ","0"
"KB000149323","published","2023-04-24 09:32:30","2025-04-17","2026-04-17 09:38:43","TSOPEXP - Suppression d'un compte utilisateur","f4b3084a1b5db010b9bfa9fe6e4bcbae","18552969db743280baa9f5f51d9619fb","3","0","0","0","","fa8aab981baa2958f1d0873ce54bcb7c","4a68c0441bed74501087eb186e4bcb88","ATOSA661481","37","2025-04-17 09:38:43","ATOSA570299","","","TSOPEXP, Utilisateur, Compte, Suppression, Supprimer","0"
"KB000148512","published","2023-03-30 12:10:12","2025-04-17","2026-04-17 09:36:43","Nouvelle Compta Agence - Suppression des droits","f4b3084a1b5db010b9bfa9fe6e4bcbae","18552969db743280baa9f5f51d9619fb","3","0","0","0","","3fa230f91b4a2d50704287fde54bcbd8","4a68c0441bed74501087eb186e4bcb88","ATOSA661481","30","2025-04-17 09:36:43","ATOSA570299","","","NCA, Nouvelle, Compta, Agence, Droits, Accès, Suppression","0"
"KB000148037","published","2023-03-16 12:35:52","2025-04-17","2026-04-17 08:59:56","Orfea - Ajout des droits","f4b3084a1b5db010b9bfa9fe6e4bcbae","18552969db743280baa9f5f51d9619fb","3","0","0","0","","13bc048c1b7969945aa2eacce54bcb1c","4a68c0441bed74501087eb186e4bcb88","ATOSA661481","56","2025-04-17 08:59:56","ATOSA570299","","","Orfea, Accès, Droits, Habilitation, Ajout","0"
"KB000149387","published","2023-04-26 09:26:51","2025-04-17","2026-04-17 09:39:28","TSOPZD2 - Création d'un compte utilisateur","f4b3084a1b5db010b9bfa9fe6e4bcbae","18552969db743280baa9f5f51d9619fb","3","0","0","0","","a41ba75c1baa2958f1d0873ce54bcb70","4a68c0441bed74501087eb186e4bcb88","ATOSA661481","35","2025-04-17 09:39:28","ATOSA570299","","","TSOPZD2, Utilisateur, Compte, Création, Créer","0"
"KB000149922","published","2023-05-17 09:29:41","2025-04-17","2026-04-17 11:15:08","ACR CSR - Création du compte utilisateur","f4b3084a1b5db010b9bfa9fe6e4bcbae","18552969db743280baa9f5f51d9619fb","3","0","0","0","","4001cd188703e194579d64a73cbb3558","4a68c0441bed74501087eb186e4bcb88","ATOSA661481","33","2025-04-17 11:15:08","ATOSA570299","","","ACR, CSR, Création, Créer, Compte, Utilisateur","0"
"KB000143359","published","2022-10-20 11:41:11","2025-04-17","2026-04-17 09:04:11","Réactivation de l'accès Rente en hors production","f4b3084a1b5db010b9bfa9fe6e4bcbae","6861b68a0f9496009850ecd692050ee7","17","0","0","0","","8584da571bea91903d2a873ce54bcbd3","4a68c0441bed74501087eb186e4bcb88","ATOSA570299","105","2025-04-25 11:54:33","ATOSA570299","","","Rente, Accès, Hors_production, Hors_Prod, Réactivation, Réactiver","0"
"KB000150562","published","2023-06-13 11:23:59","2025-04-17","2026-04-17 15:23:15","Renommage de compte Windows - Intervention AIP pour refonte du profil à distance","f4b3084a1b5db010b9bfa9fe6e4bcbae","18552969db743280baa9f5f51d9619fb","5","0","0","0","","474c804c1bed74501087eb186e4bcbbe","6058c0441bed74501087eb186e4bcb20","ATOSA661481","16","2025-04-17 15:23:15","ATOSA570299","","","","0"
"KB000148187","published","2023-03-21 10:26:11","2025-04-17","2026-04-17 08:48:35","Portail Compagnie - Modification des droits","f4b3084a1b5db010b9bfa9fe6e4bcbae","18552969db743280baa9f5f51d9619fb","3","0","1","0","","f63948841bed74501087eb186e4bcb99","4a68c0441bed74501087eb186e4bcb88","ATOSA661481","35","2025-04-17 08:48:35","ATOSA570299","","","Portail, Compagnie, Accès, Modification, Modifier, Affectation, Désaffectation","0"
"KB000149874","published","2023-05-15 11:25:15","2025-04-17","2026-04-17 11:13:26","ALTAIX DEV IMMO - Désactivation d'un gestionnaire","f4b3084a1b5db010b9bfa9fe6e4bcbae","18552969db743280baa9f5f51d9619fb","3","0","0","0","","43494c841bed74501087eb186e4bcbcd","4a68c0441bed74501087eb186e4bcb88","ATOSA661481","19","2025-04-17 11:13:26","ATOSA570299","","","Altaix, Dev_Immo, Gestionnaire, Désactivation, Désactiver","0"
"KB000151602","published","2023-07-17 09:01:49","2025-04-17","2026-04-17 15:28:08","Standardisation/Normalisation des comptes Windows","f4b3084a1b5db010b9bfa9fe6e4bcbae","18552969db743280baa9f5f51d9619fb","3","0","0","0","","f63948841bed74501087eb186e4bcb99","6058c0441bed74501087eb186e4bcb20","ATOSA661481","275","2025-04-17 15:28:08","ATOSA570299","","","CIE, Compagnie, Portail, Refonte, Windows, Compte, Standardisation, Normalisation
","0"
"KB000148256","published","2023-03-23 13:00:32","2025-04-17","2026-04-17 09:30:14","Ordo - Suppression d'un ordonnateur","f4b3084a1b5db010b9bfa9fe6e4bcbae","18552969db743280baa9f5f51d9619fb","3","0","0","0","","57e3f1aa1bb5255053c90fade54bcb5b","4a68c0441bed74501087eb186e4bcb88","ATOSA661481","26","2025-04-17 09:30:14","ATOSA570299","","","Ordo, Ordonnateur, Suppression, Interrogation,","0"
"KB000150053","published","2023-05-23 09:10:31","2025-04-17","2026-04-17 11:22:41","AS400 SAMOA - Création du compte utilisateur","f4b3084a1b5db010b9bfa9fe6e4bcbae","18552969db743280baa9f5f51d9619fb","3","0","0","0","","2599c4c41bed74501087eb186e4bcbc8","4a68c0441bed74501087eb186e4bcb88","ATOSA661481","22","2025-04-17 11:23:26","ATOSA570299","","","AS400, Samoa, Compte, Utilisateur, Création, Créer ","0"
"KB000143911","published","2022-11-16 08:47:08","2025-04-17","2026-04-17 09:09:31","Exchange - Changement de l'adresse mail suite à la modification du Patronyme / Entité / Statut","f4b3084a1b5db010b9bfa9fe6e4bcbae","6861b68a0f9496009850ecd692050ee7","4","0","0","0","","086654b01baed15424d20fade54bcb62","6058c0441bed74501087eb186e4bcb20","ATOSA570299","21","2025-04-17 09:09:31","ATOSA570299","","","Exchange, Adresse, Mail, Changement, Patronyme, Entité, Statut, Modification","0"
"KB000142741","published","2022-09-28 14:49:29","2025-04-17","2026-04-17 08:39:24","Activation de l'accès Océanic_Rente_Ote en production","f4b3084a1b5db010b9bfa9fe6e4bcbae","18552969db743280baa9f5f51d9619fb","2","0","0","0","","fcbcf52c1bde9158f1d0873ce54bcb4f","4a68c0441bed74501087eb186e4bcb88","ATOSA661481","43","2025-04-17 08:39:24","ATOSA570299","","","Océanic, Rente, Ote, Production, Accès, Activation","0"
"KB000149322","published","2023-04-24 09:31:19","2025-04-17","2026-04-17 09:37:50","TSOPEXP - Création d'un compte utilisateur","f4b3084a1b5db010b9bfa9fe6e4bcbae","18552969db743280baa9f5f51d9619fb","3","0","0","0","","fa8aab981baa2958f1d0873ce54bcb7c","4a68c0441bed74501087eb186e4bcb88","ATOSA661481","30","2025-04-17 09:37:50","ATOSA570299","","","TSOPEXP, Utilisateurn, Compte, Création, Créer","0"
"KB000148470","published","2023-03-29 11:18:29","2025-04-17","2026-04-17 09:35:45","Nouvelle Compta agence - Modification des droits","f4b3084a1b5db010b9bfa9fe6e4bcbae","18552969db743280baa9f5f51d9619fb","3","0","0","0","","3fa230f91b4a2d50704287fde54bcbd8","4a68c0441bed74501087eb186e4bcb88","ATOSA661481","30","2025-04-17 09:35:45","ATOSA570299","","","NCA, Nouvelle, Compta, Agence, Modification, Affectation, Désaffectation, Accès, Droits","0"
"KB000143483","published","2022-10-26 11:54:58","2025-04-17","2026-04-17 09:06:38","Migration DWH IMMO vers ADLDS","f4b3084a1b5db010b9bfa9fe6e4bcbae","6861b68a0f9496009850ecd692050ee7","3","0","0","0","","916865de877db190e7cea6440cbb35fc","4a68c0441bed74501087eb186e4bcb88","ATOSA570299","17","2025-04-17 09:06:38","ATOSA570299","","","DWH_IMMO, Migration, ADLDS","0"
"KB000150149","published","2023-05-26 08:27:49","2025-04-17","2026-04-17 11:26:21","Base Oracle Ocea Rente - Création du compte utilisateur","f4b3084a1b5db010b9bfa9fe6e4bcbae","18552969db743280baa9f5f51d9619fb","4","0","0","0","","9c1980841bed74501087eb186e4bcb8a","4a68c0441bed74501087eb186e4bcb88","ATOSA661481","43","2025-04-17 11:27:05","ATOSA570299","","","Oracle, Ocea, Rente, Base, Compte, Utilisateur, Création, Créer","0"
"KB000150328","published","2023-05-31 11:30:26","2025-04-17","2026-04-17 15:12:39","CICS - Création et modification du compte utilisateur","f4b3084a1b5db010b9bfa9fe6e4bcbae","18552969db743280baa9f5f51d9619fb","2","0","0","0","","7bdbb9ae1bb9255053c90fade54bcbac","4a68c0441bed74501087eb186e4bcb88","ATOSA661481","105","2025-04-17 15:13:37","ATOSA570299","","","CICS, Profil, Compte, Utilisateur, Création, Créer, Modification, Modifier","0"
"KB000150413","published","2023-06-05 11:27:53","2025-04-17","2026-04-17 15:20:27","REFDOC - Accès ADLDS","f4b3084a1b5db010b9bfa9fe6e4bcbae","18552969db743280baa9f5f51d9619fb","3","0","0","0","","bcf615101b6721543d89dc27bd4bcbc1","4a68c0441bed74501087eb186e4bcb88","ATOSA661481","78","2025-04-17 15:20:27","ATOSA570299","","","REFDOC, ADLDS, Accés","0"
"KB000143484","published","2022-10-26 12:11:23","2025-04-17","2026-04-17 09:08:37","Migration de WBDA vers ADLDS","f4b3084a1b5db010b9bfa9fe6e4bcbae","6861b68a0f9496009850ecd692050ee7","3","0","0","0","","87a8699287bdb190e7cea6440cbb35d0","4a68c0441bed74501087eb186e4bcb88","ATOSA570299","16","2025-04-17 09:08:37","ATOSA570299","","","WBDA, Lotus, Migration, ADLDS","0"
"KB000149388","published","2023-04-26 09:28:17","2025-04-17","2026-04-17 09:41:04","TSOPZD2 - Suppression d'un compte utilisateur","f4b3084a1b5db010b9bfa9fe6e4bcbae","18552969db743280baa9f5f51d9619fb","3","0","0","0","","a41ba75c1baa2958f1d0873ce54bcb70","4a68c0441bed74501087eb186e4bcb88","ATOSA661481","34","2025-04-17 09:41:04","ATOSA570299","","","TSOPZD2, Utilisateur, Compte, Suppression, Supprimer","0"
"KB000144963","published","2022-12-19 16:58:24","2025-04-17","2026-04-17 09:33:28","CICS - Activation accès en production","f4b3084a1b5db010b9bfa9fe6e4bcbae","6861b68a0f9496009850ecd692050ee7","4","0","0","0","","7bdbb9ae1bb9255053c90fade54bcbac","4a68c0441bed74501087eb186e4bcb88","ATOSA570299","28","2025-04-17 09:33:28","ATOSA570299","","","CICS, Accès, Production, Activation, Activer","0"
"KB000143350","published","2022-10-20 08:32:42","2025-04-17","2026-04-17 09:03:00","Réactivation de l'accès Océanic en production","f4b3084a1b5db010b9bfa9fe6e4bcbae","6861b68a0f9496009850ecd692050ee7","3","0","0","0","","fcbcf52c1bde9158f1d0873ce54bcb4f","4a68c0441bed74501087eb186e4bcb88","ATOSA570299","42","2025-04-17 09:03:00","ATOSA570299","","","Oceanic, Production, Accès, Réactivation, Réactiver","0"
"KB000150150","published","2023-05-26 08:33:25","2025-04-17","2026-04-17 11:34:25","Base Oracle Ocea Rente - Suppression du compte utilisateur","f4b3084a1b5db010b9bfa9fe6e4bcbae","18552969db743280baa9f5f51d9619fb","5","0","0","0","","9c1980841bed74501087eb186e4bcb8a","4a68c0441bed74501087eb186e4bcb88","ATOSA661481","25","2025-04-17 11:34:57","ATOSA570299","","","Oracle, Ocea, Rente, Base, Compte, Utilisateur, Suppression, Supprimer","0"
"KB000144956","published","2022-12-19 14:49:00","2025-04-17","2026-04-17 09:11:02","Prolongation des comptes Windows","f4b3084a1b5db010b9bfa9fe6e4bcbae","6861b68a0f9496009850ecd692050ee7","3","0","0","0","","fc0f7f621b7b1ddcd6200dcfe54bcbe3","6058c0441bed74501087eb186e4bcb20","ATOSA570299","60","2025-04-17 09:11:02","ATOSA570299","","","Active_Directory, AD, Compte, Windows, Utilisateur, Prolongation, Prolonger","0"
"KB000150022","published","2023-05-22 11:36:21","2025-04-17","2026-04-17 11:21:51","AS400 TONGA - Suppression du compte utilisateur","f4b3084a1b5db010b9bfa9fe6e4bcbae","18552969db743280baa9f5f51d9619fb","4","0","0","0","","2599c4c41bed74501087eb186e4bcbc8","4a68c0441bed74501087eb186e4bcb88","ATOSA661481","16","2025-04-17 11:21:51","ATOSA570299","","","AS400, Tonga, Compte, Utilisateur, Suppression, Supprimer","0"
"KB000150052","published","2023-05-23 09:09:40","2025-04-17","2026-04-17 11:24:29","AS400 SAMOA - Suppression du compte utilisateur","f4b3084a1b5db010b9bfa9fe6e4bcbae","18552969db743280baa9f5f51d9619fb","3","0","0","0","","2599c4c41bed74501087eb186e4bcbc8","4a68c0441bed74501087eb186e4bcb88","ATOSA661481","19","2025-04-17 11:25:34","ATOSA570299","","","AS400, Samoa, Compte, Utilisateur, Suppression, Supprimer","0"
"KB000148426","published","2023-03-28 13:47:11","2025-04-17","2026-04-17 09:34:49","Nouvelle Compta Agence - Ajout des droits","f4b3084a1b5db010b9bfa9fe6e4bcbae","18552969db743280baa9f5f51d9619fb","3","0","0","0","","3fa230f91b4a2d50704287fde54bcbd8","4a68c0441bed74501087eb186e4bcb88","ATOSA661481","39","2025-04-17 09:34:49","ATOSA570299","","","NCA, Nouvelle, Compta, Agence, Droits, Accès, Ajout","0"
"KB000144101","published","2022-11-21 08:16:44","2025-04-17","2026-04-17 09:14:01","Ordonnancement sous FILS","f4b3084a1b5db010b9bfa9fe6e4bcbae","6861b68a0f9496009850ecd692050ee7","5","0","0","0","","f9bf90c8878c61908b90a6440cbb350a","4a68c0441bed74501087eb186e4bcb88","ATOSA570299","54","2025-04-17 09:14:01","ATOSA570299","","","FILS, Ordonnancement","0"
"KB000142819","published","2022-09-29 10:00:44","2025-04-17","2026-04-17 08:41:06","Désactivation de l'accès Océanic_Rente_Ote en production","f4b3084a1b5db010b9bfa9fe6e4bcbae","18552969db743280baa9f5f51d9619fb","4","0","0","0","","fcbcf52c1bde9158f1d0873ce54bcb4f","4a68c0441bed74501087eb186e4bcb88","ATOSA661481","34","2025-04-17 08:41:06","ATOSA570299","","","Océanic_Rente_Ote, Production, Accès, Désactivation, Désactiver","0"
"KB000148148","published","2023-03-20 12:10:20","2025-04-17","2026-04-17 08:51:23","Portail Compagnie - Ajout des droits","f4b3084a1b5db010b9bfa9fe6e4bcbae","18552969db743280baa9f5f51d9619fb","3","0","0","0","","f63948841bed74501087eb186e4bcb99","4a68c0441bed74501087eb186e4bcb88","ATOSA661481","38","2025-04-17 08:51:23","ATOSA570299","","","Portail, Compagnie, Accès, Habilitation, Affectation","0"
"KB000149680","published","2023-05-03 15:39:32","2025-04-17","2026-04-17 11:01:45","AS400 Pique - Création du compte utilisateur","f4b3084a1b5db010b9bfa9fe6e4bcbae","18552969db743280baa9f5f51d9619fb","4","0","0","0","","2599c4c41bed74501087eb186e4bcbc8","4a68c0441bed74501087eb186e4bcb88","ATOSA661481","22","2025-04-17 11:01:45","ATOSA570299","","","AS400, Pique, Compte, Utilisateur, Création, Créer","0"
"KB000150327","published","2023-05-31 11:31:19","2025-04-17","2026-04-17 11:39:07","CISC - Suppression du compte utilisateur","f4b3084a1b5db010b9bfa9fe6e4bcbae","18552969db743280baa9f5f51d9619fb","3","0","0","0","","7bdbb9ae1bb9255053c90fade54bcbac","4a68c0441bed74501087eb186e4bcb88","ATOSA661481","22","2025-04-17 11:39:44","ATOSA570299","","","CICS, Compte, Utilisateur, Suppression, Supprimer","0"
"KB000148198","published","2023-03-21 16:08:25","2025-04-17","2026-04-17 08:49:50","Portail compagnie - Suppression des droits","f4b3084a1b5db010b9bfa9fe6e4bcbae","18552969db743280baa9f5f51d9619fb","3","0","0","0","","f63948841bed74501087eb186e4bcb99","4a68c0441bed74501087eb186e4bcb88","ATOSA661481","36","2025-04-17 08:49:50","ATOSA570299","","","Portail, Compagnie, Accès, Supression, Supprimer, Désaffectation, Désaffecter","0"
"KB000150468","published","2023-06-07 15:35:30","2025-04-17","2026-04-17 15:18:45","COAF - Suppression d'un compte utilisateur ","f4b3084a1b5db010b9bfa9fe6e4bcbae","18552969db743280baa9f5f51d9619fb","3","0","0","0","","2599c4c41bed74501087eb186e4bcbc8","4a68c0441bed74501087eb186e4bcb88","ATOSA661481","32","2025-04-17 15:19:31","ATOSA570299","","","COAF, Compte, Utilisateur, Supprimer, Suppression","0"
"KB000149668","published","2023-05-03 10:19:25","2025-04-17","2026-04-17 10:56:42","AS400 FIDJI - Création du compte utilisateur","f4b3084a1b5db010b9bfa9fe6e4bcbae","18552969db743280baa9f5f51d9619fb","3","0","0","0","","2599c4c41bed74501087eb186e4bcbc8","4a68c0441bed74501087eb186e4bcb88","ATOSA661481","21","2025-04-17 10:56:42","ATOSA570299","","","AS400, FIDJI, Utilisateur, Compte, Création, Créer","0"
"KB000149873","published","2023-05-15 11:24:26","2025-04-17","2026-04-17 11:04:33","ALTAIX DEV IMMO - Création d'un gestionnaire","f4b3084a1b5db010b9bfa9fe6e4bcbae","18552969db743280baa9f5f51d9619fb","4","0","0","0","","43494c841bed74501087eb186e4bcbcd","4a68c0441bed74501087eb186e4bcb88","ATOSA661481","86","2025-04-17 11:04:33","ATOSA570299","","","Altaix, Dev_Immo, Gestionnaire, Création, Créer","0"
"KB000149669","published","2023-05-03 10:20:17","2025-04-17","2026-04-17 10:57:30","AS400 FIDJI - Suppression du compte utilisateur","f4b3084a1b5db010b9bfa9fe6e4bcbae","18552969db743280baa9f5f51d9619fb","3","0","0","0","","2599c4c41bed74501087eb186e4bcbc8","4a68c0441bed74501087eb186e4bcb88","ATOSA661481","14","2025-04-17 10:57:30","ATOSA570299","","","AS400, FIDJI, Utilisateur, Compte, Suppression, Suprimer","0"
"KB000150021","published","2023-05-22 11:35:15","2025-04-17","2026-04-17 11:20:57","AS400 TONGA - Création du compte utilisateur","f4b3084a1b5db010b9bfa9fe6e4bcbae","18552969db743280baa9f5f51d9619fb","3","0","0","0","","2599c4c41bed74501087eb186e4bcbc8","4a68c0441bed74501087eb186e4bcb88","ATOSA661481","22","2025-04-17 11:20:57","ATOSA570299","","","AS400, Tonga, Compte, Utilisateur, Création, Créer","0"
"KB000149925","published","2023-05-17 09:33:04","2025-04-17","2026-04-17 11:19:00","ACR CSR - Suppression du compte utilisateur","f4b3084a1b5db010b9bfa9fe6e4bcbae","18552969db743280baa9f5f51d9619fb","3","0","0","0","","4001cd188703e194579d64a73cbb3558","4a68c0441bed74501087eb186e4bcb88","ATOSA661481","18","2025-04-17 11:19:00","ATOSA570299","","","ACR, CSR, Suppression, Supprimer, Compte, Utilisateur","0"
"KB000140300","published","2022-07-18 10:24:54","2025-04-15","2026-04-15 12:07:54","Renommage du compte Windows suite à un changement de contrat","f4b3084a1b5db010b9bfa9fe6e4bcbae","6861b68a0f9496009850ecd692050ee7","3","0","0","0","","8f1f08c41b21b4501087eb186e4bcb33","6058c0441bed74501087eb186e4bcb20","ATOSA570299","249","2025-04-15 12:07:54","ATOSA570299","","","Contrat, Changement, Compte, Windows, Renommage, Renommer","0"
"KB000141186","published","2022-08-10 14:23:11","2025-04-15","2026-04-15 12:35:11","ADAM - Procédure d'utilisation","f4b3084a1b5db010b9bfa9fe6e4bcbae","6861b68a0f9496009850ecd692050ee7","3","0","0","0","","395f40081b21b4501087eb186e4bcb6b","4a68c0441bed74501087eb186e4bcb88","ATOSA570299","265","2025-04-15 12:35:11","ATOSA570299","","","ADAM, Utilisation, Utilisateurs, Exchange, ADLDS, Ajout, Création, Suppression","0"
"KB000140202","published","2022-07-15 12:34:13","2025-04-15","2026-04-15 12:02:23","GED VIE (FILENET + CORBEILLE GED) / AFER et PAX","f4b3084a1b5db010b9bfa9fe6e4bcbae","6861b68a0f9496009850ecd692050ee7","4","0","0","0","","2d8eba40877c5150c9b8a6440cbb3505","6058c0441bed74501087eb186e4bcb20","ATOSA570299","39","2025-04-15 12:02:23","ATOSA570299","","","GED, VIE, FILENET, CORBEILLE_GED, AFER, PAX, Qui_fait_quoi, Accès, Validation, Traitement
","0"
"KB000129913","published","2021-08-02 10:56:39","2025-04-15","2026-04-15 11:42:03","Mobilité d'un CCA vers un autre","f4b3084a1b5db010b9bfa9fe6e4bcbae","6861b68a0f9496009850ecd692050ee7","4","0","0","0","","ff5b00c81bed74501087eb186e4bcbff","6058c0441bed74501087eb186e4bcb20","ATOSA771963","16","2025-04-15 11:42:03","ATOSA570299","","","CCA, Mobilité","0"
"KB000141895","published","2022-08-31 15:26:44","2025-04-15","2026-04-15 13:13:01","OTE Pilote - Accès","f4b3084a1b5db010b9bfa9fe6e4bcbae","6861b68a0f9496009850ecd692050ee7","3","0","0","0","","e2b86d931b2d9950f1d0873ce54bcbae","eb98c4441bed74501087eb186e4bcb90","ATOSA570299","21","2025-04-15 13:13:01","ATOSA570299","","","OTE, Pilote, Accès","0"
"KB000142070","published","2022-09-07 11:51:07","2025-04-15","2026-04-15 13:21:07","JIRA et Confluence France - Accès JIP, JAN, JOP, ASK et PROJET/BOARD","f4b3084a1b5db010b9bfa9fe6e4bcbae","6861b68a0f9496009850ecd692050ee7","4","0","0","0","","bde98cc41bed74501087eb186e4bcb3a","4a68c0441bed74501087eb186e4bcb88","ATOSA570299","64","2025-04-15 13:21:07","ATOSA570299","","","JIRA, Confluence, Confluence_France, Accès, JIP, JAN, JOP, ASK, PROJET, BOARD","0"
"KB000140593","published","2022-07-22 14:47:41","2025-04-15","2026-04-15 12:16:06","ALTAIX - Création et suppression d'un utilisateur","f4b3084a1b5db010b9bfa9fe6e4bcbae","6861b68a0f9496009850ecd692050ee7","3","0","0","0","","43494c841bed74501087eb186e4bcbcd","4a68c0441bed74501087eb186e4bcb88","ATOSA570299","270","2025-04-15 12:16:06","ATOSA570299","","","Altaix, Création, Suppression, Créer, Supprimer, Utilisateur","0"
"KB000140757","published","2022-07-28 14:48:39","2025-04-15","2026-04-15 12:32:21","Chiffrement automatique des mails","f4b3084a1b5db010b9bfa9fe6e4bcbae","18552969db743280baa9f5f51d9619fb","4","0","0","0","","fcd9b5221bcd5990df83eacce54bcb41","4a68c0441bed74501087eb186e4bcb88","ATOSA661481","61","2025-04-15 12:32:21","ATOSA570299","","","Emails, Mails, Chiffrement, Automatique","0"
"KB000140171","published","2022-07-15 10:26:20","2025-04-15","2026-04-15 11:50:44","Incidents HAB - Intervention et escalade","f4b3084a1b5db010b9bfa9fe6e4bcbae","6861b68a0f9496009850ecd692050ee7","10","0","0","0","","ee0e568887f41150c9b8a6440cbb3512","6058c0441bed74501087eb186e4bcb20","ATOSA570299","22","2025-04-15 11:53:00","ATOSA570299","","","Incidents HAB, Intervention, Escalade, Applications, Tableau","0"
"KB000140164","published","2022-07-15 10:12:13","2025-04-15","2026-04-15 11:48:02","Prise en charge des incidents HAB","f4b3084a1b5db010b9bfa9fe6e4bcbae","6861b68a0f9496009850ecd692050ee7","3","0","0","0","","ee0e568887f41150c9b8a6440cbb3512","6058c0441bed74501087eb186e4bcb20","ATOSA570299","25","2025-04-15 11:48:02","ATOSA570299","","","Incidents, HAB, Habilitations, Accès, Prise_en_charge, SD, SWIVEL","0"
"KB000142113","published","2022-09-09 09:05:15","2025-04-15","2026-04-15 12:18:31","Qlik - Accès","f4b3084a1b5db010b9bfa9fe6e4bcbae","6861b68a0f9496009850ecd692050ee7","6","0","0","0","","80c90cc41bed74501087eb186e4bcb50","4a68c0441bed74501087eb186e4bcb88","ATOSA570299","103","2025-04-15 12:18:31","ATOSA570299","","","Qlik, Accès","0"
"KB000140738","published","2022-07-28 09:38:36","2025-04-15","2026-04-15 12:28:55","Business Object - Qui fait quoi","f4b3084a1b5db010b9bfa9fe6e4bcbae","18552969db743280baa9f5f51d9619fb","4","0","0","0","","bcb359901bc11958b987eacce54bcb51","4a68c0441bed74501087eb186e4bcb88","ATOSA661481","41","2025-04-15 12:28:55","ATOSA570299","","","Business, Object, BO, Qui_fait_quoi","0"
"KB000140587","published","2022-07-22 11:20:57","2025-04-15","2026-04-15 12:10:02","Privilèges Abeille - Affectation des accès","f4b3084a1b5db010b9bfa9fe6e4bcbae","6861b68a0f9496009850ecd692050ee7","5","0","0","0","","493d04401b21b4501087eb186e4bcb60","4a68c0441bed74501087eb186e4bcb88","ATOSA570299","164","2025-04-15 12:10:02","ATOSA570299","","","Privilèges, Accès, Abeille, Affectation, Affecter, ZX","0"
"KB000142076","published","2022-09-07 15:37:24","2025-04-15","2026-04-15 13:22:34","Oracle R12 (AP - AR - AX - FA - FAH - GL) - Accès ","f4b3084a1b5db010b9bfa9fe6e4bcbae","6861b68a0f9496009850ecd692050ee7","4","0","0","0","","9c1980841bed74501087eb186e4bcb8a","6058c0441bed74501087eb186e4bcb20","ATOSA570299","21","2025-04-15 13:22:34","ATOSA570299","","","Oracle, R12, AP, AR, AX, FA, FAH, GL, Accès ","0"
"KB000141996","published","2022-09-05 15:12:07","2025-04-15","2026-04-15 13:15:19","REFETAT - Accès ADLDS","f4b3084a1b5db010b9bfa9fe6e4bcbae","6861b68a0f9496009850ecd692050ee7","5","0","0","0","","255a8c081bed74501087eb186e4bcb0f","4a68c0441bed74501087eb186e4bcb88","ATOSA570299","66","2025-04-15 13:15:19","ATOSA570299","","","REFETAT, REFETAT3, ADLDS, Prex3, Accès","0"
"KB000141033","published","2022-08-04 12:34:23","2025-04-15","2026-04-15 12:38:06","Accès aux imprimantes virtuelles Tessi","f4b3084a1b5db010b9bfa9fe6e4bcbae","6861b68a0f9496009850ecd692050ee7","5","0","0","0","","ad774aee1b499990df83eacce54bcb51","4a68c0441bed74501087eb186e4bcb88","ATOSA661481","87","2025-04-15 12:38:06","ATOSA570299","","","Tessi, Imprimantes, Virtuelles, Accès","0"
"KB000140703","published","2022-07-27 13:39:43","2025-04-15","2026-04-15 13:11:17","ASK - Demande de traitement d'accès par la TMA","f4b3084a1b5db010b9bfa9fe6e4bcbae","6861b68a0f9496009850ecd692050ee7","4","0","0","0","","89462b01875d95546cdea6440cbb35db","4a68c0441bed74501087eb186e4bcb88","ATOSA570299","26","2025-04-15 13:11:17","ATOSA570299","","","ASK, Demande, Accès, TMA","0"
"KB000140502","published","2022-07-20 15:23:00","2025-04-15","2026-04-15 12:04:33","Accès PIQUE - Demande d'intervention bibliothèque SDBBLDATA","f4b3084a1b5db010b9bfa9fe6e4bcbae","6861b68a0f9496009850ecd692050ee7","3","0","0","0","","69ec4d3187b49914e8614338cebb35b4","4a68c0441bed74501087eb186e4bcb88","ATOSA570299","178","2025-04-15 12:04:33","ATOSA570299","","","PIQUE, Accès, Demande, Intervention, Bibliothèque, SDBBLDATA, SDUTILP0X, TBPARMTL1","0"
"KB000129925","published","2021-08-02 10:56:48","2025-04-15","2026-04-15 11:46:14","Accès logs BIBFIC et BIBLOG","f4b3084a1b5db010b9bfa9fe6e4bcbae","6861b68a0f9496009850ecd692050ee7","3","0","0","0","","3b6b80c81bed74501087eb186e4bcbef","6058c0441bed74501087eb186e4bcb20","ATOSA771963","18","2025-04-15 11:46:14","ATOSA570299","","","BIBFIC, BIBLOG, Accès, Logs","0"
"KB000129921","published","2021-08-02 10:56:45","2025-04-15","2026-04-15 11:42:42","Communication des logins non standard à l'équipe CISO","f4b3084a1b5db010b9bfa9fe6e4bcbae","6861b68a0f9496009850ecd692050ee7","5","0","0","0","","5fadc8801b21b4501087eb186e4bcbe2","6058c0441bed74501087eb186e4bcb20","ATOSA771963","22","2025-04-15 11:42:42","ATOSA570299","","","Communication, Logins, Non_standard, CISO","0"
"KB000129861","published","2021-08-02 10:56:06","2025-04-11","2026-04-11 13:22:36","Restauration et réactivation des comptes Windows inexistants","f4b3084a1b5db010b9bfa9fe6e4bcbae","6861b68a0f9496009850ecd692050ee7","8","0","0","0","","257d40801b21b4501087eb186e4bcb36","6058c0441bed74501087eb186e4bcb20","ATOSA771963","23","2025-04-11 13:22:36","ATOSA570299","","","Restauration, Réactivation, Windows, Comptes_inexistants","0"
"KB000129858","published","2021-08-02 10:56:04","2025-04-11","2026-04-11 13:20:35","Projet multi-activité et gestion des habilitations EUROFIL","f4b3084a1b5db010b9bfa9fe6e4bcbae","6861b68a0f9496009850ecd692050ee7","10","0","0","0","","082d48001b21b4501087eb186e4bcbba","6058c0441bed74501087eb186e4bcb20","ATOSA771963","15","2025-04-11 13:20:35","ATOSA570299","","","Prospect, Eurofil, Majorel, Arvato, Chargé Client","0"
"KB000129776","published","2021-08-02 10:55:08","2025-04-11","2026-04-11 12:59:28","Etudes AS400 Eurofil - Qui fait quoi","f4b3084a1b5db010b9bfa9fe6e4bcbae","6861b68a0f9496009850ecd692050ee7","13","0","0","0","","2599c4c41bed74501087eb186e4bcbc8","6058c0441bed74501087eb186e4bcb20","ATOSA771963","56","2025-04-11 12:59:28","ATOSA570299","","","AS400, Etudes, Eurofil, Accès, Qui_fait_quoi","0"
"KB000129875","published","2021-08-02 10:56:15","2025-04-11","2026-04-11 13:31:58","Affectation automatique du VPN MFA ACCESS","f4b3084a1b5db010b9bfa9fe6e4bcbae","6861b68a0f9496009850ecd692050ee7","5","0","0","0","","229d08801b21b4501087eb186e4bcb03","6058c0441bed74501087eb186e4bcb20","ATOSA771963","19","2025-04-11 13:31:58","ATOSA570299","","","VPN, MFA, ACCESS, Affectation, Automatique","0"
"KB000129865","published","2021-08-02 10:56:09","2025-04-11","2026-04-11 13:25:34","Xaga - Création, prolongation et suppression d'un collaborateur","f4b3084a1b5db010b9bfa9fe6e4bcbae","6861b68a0f9496009850ecd692050ee7","9","0","0","0","","bf5900c41bed74501087eb186e4bcb2f","4a68c0441bed74501087eb186e4bcb88","ATOSA771963","169","2025-04-11 13:25:34","ATOSA570299","","","Xaga, Collaborateur, Création, Prolongation, Suppression","0"
"KB000161673","published","2025-03-12 15:30:41","2025-03-13","2026-03-11 23:00:00","Portail CIE - Création de compte utilisateur dans Domino","f4b3084a1b5db010b9bfa9fe6e4bcbae","6861b68a0f9496009850ecd692050ee7","3","0","0","0","","f63948841bed74501087eb186e4bcb99","4a68c0441bed74501087eb186e4bcb88","ATOSA570299","71","2025-03-13 11:39:42","ATOSA570299","","","Portail_CIE, CIE, Portail, Compte, Utilisateur, Domino, Création, Créer","0"
"KB000143138","published","2022-10-12 08:04:38","2025-03-06","2026-03-06 14:59:53","Création d'une BAL de service normale et IMAP","f4b3084a1b5db010b9bfa9fe6e4bcbae","6861b68a0f9496009850ecd692050ee7","3","0","0","0","","086654b01baed15424d20fade54bcb62","4a68c0441bed74501087eb186e4bcb88","ATOSA570299","143","2025-03-06 15:18:49","ATOSA570299","","","BAL_de_servce, AD, Boite, Exchange, SMB, BAL, Partagées, Licence, O365, IMAP","0"
"KB000161172","published","2025-02-10 15:15:01","2025-02-10","2026-02-09 23:00:00","SAMI - Accès MRH BAT EUROFIL","f4b3084a1b5db010b9bfa9fe6e4bcbae","6861b68a0f9496009850ecd692050ee7","3","0","0","0","","a45b1cdec3b45614579cf4fe05013118","4a68c0441bed74501087eb186e4bcb88","ATOSA570299","40","2025-02-10 18:56:28","ATOSA570299","","","SAMI,MRH_BAT, Eurofil, Accès","0"
"KB000160940","published","2025-01-10 12:33:16","2025-01-13","2026-01-09 23:00:00","Création des listes de diffusion (LDD) via CENTAURE","f4b3084a1b5db010b9bfa9fe6e4bcbae","6861b68a0f9496009850ecd692050ee7","4","0","0","0","","fcd9b5221bcd5990df83eacce54bcb41","4a68c0441bed74501087eb186e4bcb88","ATOSA614438","41","2025-01-13 14:24:54","ATOSA570299","","","Listes, Diffusion, LDD, CENTAURE, Création, Créer","0"
"KB000160825","published","2024-12-27 14:55:31","2024-12-31","2025-12-26 23:00:00","HONO - Ordonnancement hors CICS","f4b3084a1b5db010b9bfa9fe6e4bcbae","6861b68a0f9496009850ecd692050ee7","4","0","0","0","","0c7fa560c37e9a180de36710a00131d2","4a68c0441bed74501087eb186e4bcb88","ATOSA570299","206","2024-12-31 15:46:39","ATOSA570299","","","HONO, Ordonnancement, Hors_CICS","0"
"KB000160353","published","2024-11-19 16:07:21","2024-11-21","2025-11-18 23:00:00","AS400 Eurofil  - Ordonnancement","f4b3084a1b5db010b9bfa9fe6e4bcbae","18552969db743280baa9f5f51d9619fb","4","0","0","0","","2599c4c41bed74501087eb186e4bcbc8","4a68c0441bed74501087eb186e4bcb88","ATOSA661481","30","2024-11-21 12:09:34","ATOSA570299","","","AS400, Eurofil, Ordonnancement","0"
"KB000158337","published","2024-09-27 14:20:28","2024-09-27","2025-09-26 22:00:00","WNS Roumanie","f4b3084a1b5db010b9bfa9fe6e4bcbae","6861b68a0f9496009850ecd692050ee7","4","0","0","0","","f99fc4481b21b4501087eb186e4bcb67","eb98c4441bed74501087eb186e4bcb90","ATOSA570299","41","2024-09-27 16:59:28","ATOSA570299","","","WNS, Roumanie, WNS_Roumanie, Bucarest, Connexion, Habilitations, Profils","0"
"KB000158259","published","2024-09-24 09:11:49","2024-09-25","2025-09-23 23:00:00","SAMI - Guide Habilitations","f4b3084a1b5db010b9bfa9fe6e4bcbae","6861b68a0f9496009850ecd692050ee7","4","0","0","0","","a45b1cdec3b45614579cf4fe05013118","4a68c0441bed74501087eb186e4bcb88","ATOSA570299","125","2025-02-10 18:03:02","ATOSA570299","","","SAMI, Guide, Habilitations, Process","0"
"KB000158207","published","2024-09-18 15:52:16","2024-09-24","2025-09-17 23:00:00","AS400 Pique – Désactivation des accès VPCF","f4b3084a1b5db010b9bfa9fe6e4bcbae","18552969db743280baa9f5f51d9619fb","3","0","0","0","","69ec4d3187b49914e8614338cebb35b4","4a68c0441bed74501087eb186e4bcb88","ATOSA661481","50","2024-09-26 15:05:14","ATOSA570299","","","AS400, Pique, Désactivation, Désactiver, Accés, VPCF","0"
"KB000157763","published","2024-08-13 16:06:50","2024-08-29","2025-08-12 23:00:00","Intranet Trésorerie - Accès ADLDS","f4b3084a1b5db010b9bfa9fe6e4bcbae","18552969db743280baa9f5f51d9619fb","2","0","0","0","","098944c41bed74501087eb186e4bcb0e","4a68c0441bed74501087eb186e4bcb88","ATOSA661481","38","2024-11-14 13:03:06","ATOSA570299","","","Intranet, Trésorerie, OUTILSTRESO, Accés, ADLDS","0"
"KB000157532","published","2024-07-26 14:27:20","2024-07-30","2025-07-25 22:00:00","Archives en ligne (AEL) - Création, modification et suppression","f4b3084a1b5db010b9bfa9fe6e4bcbae","6861b68a0f9496009850ecd692050ee7","5","0","0","0","","3a436e261b32651453c90fade54bcbaa","4a68c0441bed74501087eb186e4bcb88","ATOSA570299","57","2024-07-30 11:24:24","ATOSA570299","","","AEL, Archives_en_ligne, Création, Modification, Suppression, Créer, Modifier, Supprimer","0"
"KB000157461","published","2024-07-22 14:01:02","2024-07-25","2025-07-21 23:00:00","AS400 CRM EA - Accès","f4b3084a1b5db010b9bfa9fe6e4bcbae","18552969db743280baa9f5f51d9619fb","3","0","0","0","","2599c4c41bed74501087eb186e4bcbc8","4a68c0441bed74501087eb186e4bcb88","ATOSA661481","93","2024-07-25 16:27:35","ATOSA570299","","","AS400, CRM, EA, Accés","0"
"KB000157511","published","2024-07-24 15:48:07","2024-07-25","2025-07-23 22:00:00","AWD - Accès","f4b3084a1b5db010b9bfa9fe6e4bcbae","6861b68a0f9496009850ecd692050ee7","4","0","0","0","","3d73aa5ac367ce901f32b110a00131f7","4a68c0441bed74501087eb186e4bcb88","ATOSA570299","57","2024-07-25 13:03:18","ATOSA570299","","","AWD, Accès","0"
"KB000157489","published","2024-07-23 16:41:54","2024-07-24","2025-07-22 22:00:00","ADAM - Salles de réunion","f4b3084a1b5db010b9bfa9fe6e4bcbae","6861b68a0f9496009850ecd692050ee7","4","0","0","0","","395f40081b21b4501087eb186e4bcb6b","4a68c0441bed74501087eb186e4bcb88","ATOSA570299","47","2024-07-24 15:20:43","ATOSA570299","","","ADAM, Salle_de_réunion,  Salle, Réunion, Création, Créer","0"
"KB000157445","published","2024-07-19 15:11:34","2024-07-19","2025-07-18 22:00:00","Départ urgent","f4b3084a1b5db010b9bfa9fe6e4bcbae","6861b68a0f9496009850ecd692050ee7","3","0","0","0","","c7aa0c481bed74501087eb186e4bcb4a","6058c0441bed74501087eb186e4bcb20","ATOSA570299","11","2024-10-28 11:04:58","ATOSA661481","","","Départ_urgent, Départ, Urgent, Process","0"
"KB000157378","published","2024-07-12 08:03:06","2024-07-15","2025-07-11 22:00:00","AWS - Création, suppression et modification d'un compte utilisateur","f4b3084a1b5db010b9bfa9fe6e4bcbae","6861b68a0f9496009850ecd692050ee7","3","0","0","0","","63d58f5a8793c694d8d0646f8bbb356f","4a68c0441bed74501087eb186e4bcb88","ATOSA570299","104","2024-07-19 17:49:52","ATOSA570299","","","AWS, Compte, Groupes, Création, Suppresion, Consultation,  Réinitialisation, Renommage, Ajout, Créer, Supprimer,  Consulter, Réinitialiser, Renommer, Ajouter ","0"
"KB000157387","published","2024-07-12 14:45:09","2024-07-12","2025-07-11 23:00:00","GNS - Accès ADLDS","f4b3084a1b5db010b9bfa9fe6e4bcbae","18552969db743280baa9f5f51d9619fb","3","0","0","0","","b9b5c40e1b5db010b9bfa9fe6e4bcb54","4a68c0441bed74501087eb186e4bcb88","ATOSA661481","77","2024-07-22 11:10:12","ATOSA661481","","","Accés, ADLDS, GNS","0"
"KB000143422","published_in_review","2022-10-24 15:42:44","2023-11-22","2024-11-22 14:45:38","APPIAN - Accès","f4b3084a1b5db010b9bfa9fe6e4bcbae","6861b68a0f9496009850ecd692050ee7","2","0","0","0","","3c42b3641b7e991024d20fade54bcbba","4a68c0441bed74501087eb186e4bcb88","ATOSA570299","70","2024-11-22 14:45:37","system","","","Appian, Accès, EGUM, GDR, BCM","0"
"KB000129911","published_in_review","2021-08-02 10:56:38","2023-10-05","2024-10-05 15:54:01","Demande d'habilitation CyberArk","f4b3084a1b5db010b9bfa9fe6e4bcbae","6861b68a0f9496009850ecd692050ee7","2","0","0","0","","7e4b8c881bed74501087eb186e4bcbea","6058c0441bed74501087eb186e4bcb20","ATOSA771963","26","2024-10-05 15:54:00","system","","","CyberArk, Demande, Habilitation, CISO","0"
"KB000129895","published_in_review","2021-08-02 10:56:28","2023-09-15","2024-09-15 15:58:52","Accès développeur nécessitant une création de compte","f4b3084a1b5db010b9bfa9fe6e4bcbae","6861b68a0f9496009850ecd692050ee7","2","0","0","0","","a2be00841b21b4501087eb186e4bcb2f","6058c0441bed74501087eb186e4bcb20","ATOSA771963","19","2024-09-15 15:58:51","system","","","Développeur, Accès, Création, Compte","0"
"KB000129887","published_in_review","2021-08-02 10:56:23","2023-09-15","2024-09-15 16:00:30","Process demande d'accès Unix Graphtalk Cufconnect (Prex et Prod) ","f4b3084a1b5db010b9bfa9fe6e4bcbae","6861b68a0f9496009850ecd692050ee7","2","0","0","0","","c11fe7b71bd974501087eb186e4bcb21","6058c0441bed74501087eb186e4bcb20","ATOSA771963","14","2024-09-15 16:00:29","system","","","Unix, Graphtalk, Cufconnect, Prex, Prod","0"
"KB000129902","published_in_review","2021-08-02 10:56:32","2023-09-15","2024-09-15 16:09:26","Portail CIE - Qui fait quoi - Indemnisation et  bulle de confidentialité","f4b3084a1b5db010b9bfa9fe6e4bcbae","6861b68a0f9496009850ecd692050ee7","2","0","0","0","","6a64b3f31b1d74501087eb186e4bcb25","6058c0441bed74501087eb186e4bcb20","ATOSA771963","26","2024-09-15 16:09:25","system","2023-09-15","","Portail CIE, Profil métier, Qui fait quoi, indemnisation, bulle de confidentialité","0"
"KB000129899","published_in_review","2021-08-02 10:56:30","2023-09-09","2024-09-09 16:35:53","Traitement des demandes hors prod contenant un profil métier","f4b3084a1b5db010b9bfa9fe6e4bcbae","6861b68a0f9496009850ecd692050ee7","3","0","0","0","","5d3b48881bed74501087eb186e4bcba8","6058c0441bed74501087eb186e4bcb20","ATOSA771963","14","2024-09-09 16:35:52","system","","","Demandes Hors_prod, Profil_métier, Traitement","0"
"KB000129882","published_in_review","2021-08-02 10:56:20","2023-09-09","2024-09-09 14:31:15","Process Habilitations PREX2 LAN et PREX3","f4b3084a1b5db010b9bfa9fe6e4bcbae","6861b68a0f9496009850ecd692050ee7","2","0","0","0","","f71b84881bed74501087eb186e4bcb8a","6058c0441bed74501087eb186e4bcb20","ATOSA771963","21","2024-09-09 14:31:14","system","","","PREX2_LAN, PREX3, Habilitations, Process","0"
"KB000129888","published_in_review","2021-08-02 10:56:24","2023-09-09","2024-09-09 14:31:17","Normalisation des comptes Eurofil dès la création via le formulaire badge","f4b3084a1b5db010b9bfa9fe6e4bcbae","6861b68a0f9496009850ecd692050ee7","7","0","0","0","","082d48001b21b4501087eb186e4bcbba","6058c0441bed74501087eb186e4bcb20","ATOSA771963","14","2024-09-09 14:31:16","system","","","Comptes, Eurofil, Normalisation, Formulaire_badge","0"
"KB000129909","published_in_review","2021-08-02 10:56:37","2023-09-09","2024-09-09 16:36:47","Création des boites de service pour le GIE AFER dans ADAM","f4b3084a1b5db010b9bfa9fe6e4bcbae","6861b68a0f9496009850ecd692050ee7","2","0","0","0","","474c804c1bed74501087eb186e4bcbbe","4a68c0441bed74501087eb186e4bcb88","ATOSA771963","14","2024-09-09 16:36:46","system","","","Boite_de_service, GIE_AFER, Création, ADAM","0"
"KB000129893","published_in_review","2021-08-02 10:56:27","2023-09-09","2024-09-09 14:31:30","Groupe AD et mise à jour du formulaire pour la VDI W11 ATOS","f4b3084a1b5db010b9bfa9fe6e4bcbae","6861b68a0f9496009850ecd692050ee7","2","0","0","0","","6bbfc4881b21b4501087eb186e4bcb08","6058c0441bed74501087eb186e4bcb20","ATOSA771963","18","2024-11-14 14:39:19","ATOSA661481","","","Nouveau, groupe AD, VDI, W11, ATOS, MAJ, Formulaire","0"
"KB000129894","published_in_review","2021-08-02 10:56:27","2023-09-09","2024-09-09 14:33:30","Création de profil CICS","f4b3084a1b5db010b9bfa9fe6e4bcbae","6861b68a0f9496009850ecd692050ee7","2","0","0","0","","f63948841bed74501087eb186e4bcb99","6058c0441bed74501087eb186e4bcb20","ATOSA771963","17","2024-09-09 14:33:30","system","","","Profil, CICS, Création, Créer, PMA","0"
"KB000129896","published_in_review","2021-08-02 10:56:28","2023-09-09","2024-09-09 14:33:32","RDP - Accès bureau à distance","f4b3084a1b5db010b9bfa9fe6e4bcbae","6861b68a0f9496009850ecd692050ee7","3","0","0","0","","dfcec0841b21b4501087eb186e4bcb99","6058c0441bed74501087eb186e4bcb20","ATOSA771963","16","2024-09-09 14:33:31","system","","","Accès, Bureau à distance, Procédure","0"
"KB000129889","published_in_review","2021-08-02 10:56:24","2023-09-08","2024-09-08 09:52:53","Changement responsable ou proprietaire de repertoire/boite de service","f4b3084a1b5db010b9bfa9fe6e4bcbae","6861b68a0f9496009850ecd692050ee7","2","0","0","0","","98bc488c1bed74501087eb186e4bcbdb","6058c0441bed74501087eb186e4bcb20","ATOSA771963","11","2024-09-08 09:52:52","system","","","Responsable, Proprietaire, Repertoire, Boite de service, Changement","0"
"KB000129897","published_in_review","2021-08-02 10:56:29","2023-09-07","2024-09-07 16:39:15","Création de compte robot","f4b3084a1b5db010b9bfa9fe6e4bcbae","6861b68a0f9496009850ecd692050ee7","3","0","0","0","","3fde08841b21b4501087eb186e4bcb0a","6058c0441bed74501087eb186e4bcb20","ATOSA771963","57","2024-12-04 13:33:50","ATOSA570299","","","Compte, Robot, Création, R0","0"
"KB000129877","published_in_review","2021-08-02 10:56:17","2023-09-07","2024-09-07 16:50:24","Accès EUROFIL à z-aswf1-QDLS","f4b3084a1b5db010b9bfa9fe6e4bcbae","6861b68a0f9496009850ecd692050ee7","2","0","0","0","","349c048c1bed74501087eb186e4bcb4a","6058c0441bed74501087eb186e4bcb20","ATOSA771963","15","2024-09-07 16:50:23","system","","","Accès, Eurofil, z-aswf1-QDLS, Z:, \\aswf1\QDLS","0"
"KB000129880","published_in_review","2021-08-02 10:56:19","2023-09-07","2024-09-07 16:55:20","Demande d'accès au certificat PKI","f4b3084a1b5db010b9bfa9fe6e4bcbae","6861b68a0f9496009850ecd692050ee7","2","0","0","0","","bbdb040c1bed74501087eb186e4bcb1f","6058c0441bed74501087eb186e4bcb20","ATOSA771963","15","2024-09-07 16:55:20","system","","","Certificat, PKI, Accès, Demande","0"
"KB000148145","published_in_review","2023-03-20 10:21:54","2023-03-20","2024-03-20 00:00:00","Orfea - Suppression des droits","f4b3084a1b5db010b9bfa9fe6e4bcbae","18552969db743280baa9f5f51d9619fb","2","0","0","0","","13bc048c1b7969945aa2eacce54bcb1c","4a68c0441bed74501087eb186e4bcb88","ATOSA661481","29","2024-03-23 17:30:14","system","","","Orfea, Accès, Droits, Suppression, Désaffectation","0"
